{
  "pc_clocks": {
    "Suroe Dragonseal": {
      "Dracon'Thor'reth — Hunger": {
        "current": 4,
        "max": 8,
        "notes": "Ticks when exposed to heavy spell-saturation; fills trigger a major flare/compel event."
      },
      "Discipline of Taran'Zhu": {
        "current": 2,
        "max": 6,
        "notes": "Ticks when Suroe chooses restraint, breath, or mercy under pressure."
      },
      "Whispers of the Canopy": {
        "current": 4,
        "max": 4,
        "notes": "Kaldorei scouts spread intel; fills triggers a prepared counterplay/elite response."
      },
      "Rommath — Pragmatic Camaraderie": { "current": 4, "max": 8 },
      "Hauldron — Tempering Respect": { "current": 3, "max": 8 },
      "Lor'themar — Quiet Trust": { "current": 3, "max": 8 },
      "Taran'Zhu — Hard-Won Mentorship": { "current": 5, "max": 8 }
    }
  },
  "story_clocks": {
    "Ashenvale — Counter-Scout Net Tightens": {
      "current": 5,
      "max": 6,
      "notes": "Ticks when the Kaldorei adapt to your moves; fills triggers a coordinated trap/kill-box."
    },
    "Notoriety — The Crimson Siphoner": {
      "current": 3,
      "max": 6,
      "notes": "You are a named threat in Kaldorei briefings; countermeasures and tailored teams begin."
    },
    "Ashenvale — Nature's Reprisal": {
      "current": 1,
      "max": 6,
      "notes": "The woods begin to fight back: hostile terrain, beasts, druidic pressure."
    },
    "Ashenvale Supply Road Ambush — Neutralized": {
      "current": 3,
      "max": 4
    }
  }
}
