{
  "pc": "Suroe Dragonseal",
  "clocks": [
    {
      "name": "Dracon’Thor’reth — Hunger",
      "current": 4,
      "max": 8,
      "type": "personal",
      "ticks_on": [
        "Extended fasting, deprivation, or denial of magical intake",
        "Using fel/arcane as a crutch instead of discipline",
        "Severe emotional provocation while depleted"
      ],
      "clears_or_reduces_on": [
        "Meditation/chi practice under pressure",
        "Choosing restraint when a brutal victory is available",
        "Healthy, deliberate mana management instead of binge/withdrawal"
      ],
      "fills_trigger": "The seal flares uncontrollably; you take a consequence or a major compelled action as the dragon-hunger drives behavior."
    },
    {
      "name": "Discipline of Taran’Zhu",
      "current": 2,
      "max": 6,
      "type": "personal",
      "ticks_on": [
        "Restraint under provocation",
        "Non-lethal takedowns when lethal would be easier",
        "Using chi/breath to master the seal rather than feed it"
      ],
      "fills_trigger": "You gain a lasting benefit (new stunt, aspect upgrade, or once-per-session free invoke) representing true mastery of inner stillness."
    },
    {
      "name": "Dracon’o Belore — Relic Reclaimed",
      "current": 0,
      "max": 6,
      "type": "quest",
      "ticks_on": [
        "Recovering a lead on the relic’s location, warding, or custodians",
        "Neutralizing a faction attempting to seize or weaponize it",
        "Completing a rite or key required to safely unseal it"
      ],
      "fills_trigger": "You physically possess Dracon’o Belore (or its sealed vessel) and must decide how it will be carried, who may know, and what price it demands."
    },
    {
      "name": "House Dragonseal — Restoration",
      "current": 1,
      "max": 8,
      "type": "legacy",
      "ticks_on": [
        "Public or military victories that redeem the family name",
        "Protecting innocents/Quel’thalas at cost to self",
        "Recovering lost Dragonseal records, heirs, or holdings"
      ],
      "clears_or_reduces_on": [
        "Scandal, cruelty, or hunger-driven incidents",
        "Political compromise that stains the house’s rebuilt trust"
      ],
      "fills_trigger": "Dragonseal becomes a respected minor house again, with real political leverage and obligations."
    },
    {
      "name": "Rommath — Pragmatic Alliance",
      "current": 1,
      "max": 6,
      "type": "relationship",
      "ticks_on": [
        "Delivering results while keeping problems contained",
        "Showing restraint with power (fel, relics, secrets)",
        "Sharing intel or assets that protect Quel’thalas"
      ],
      "fills_trigger": "Rommath commits tangible resources (legal cover, funding, research access, elite support) to your cause."
    },
    {
      "name": "Captain Aethrya Moonshadow — Bitter Respect",
      "current": 4,
      "max": 6,
      "type": "relationship",
      "ticks_on": [
        "Disciplined mercy when you have dominance",
        "Keeping your word in prisoner dealings",
        "Breaking her plan without cruelty"
      ],
      "clears_or_reduces_on": [
        "Humiliation-as-sport, torture, or needless killing",
        "Public parading of Kaldorei captives"
      ],
      "fills_trigger": "Aethrya becomes story-critical: either vendetta nemesis with resources, or uneasy ally for a larger threat."
    },
    {
      "name": "Ashenvale — Retrieval Raid Mobilizes",
      "current": 3,
      "max": 6,
      "type": "story",
      "ticks_on": [
        "You retain Kaldorei officers as prisoners",
        "Kaldorei scouts track your extraction route",
        "Your unit lingers instead of extracting cleanly"
      ],
      "fills_trigger": "A coordinated strike hits your route or vantage point; elite Sentinels/Watchers deploy to recover leadership."
    },
    {
      "name": "Whispers of the Canopy",
      "current": 4,
      "max": 4,
      "type": "story",
      "fills_trigger": "Prepared counterplay: elite watchers / anti-chi measures / baited kill-boxes tailored to your tactics."
    },
    {
      "name": "Aethrya — Blood Debt Oath",
      "current": 2,
      "max": 6,
      "type": "relationship",
      "notes": "Personal vendetta clock. Fills trigger: she becomes a major recurring nemesis with resources."
    },
    {
      "name": "Notoriety — The Crimson Siphoner",
      "current": 3,
      "max": 6,
      "type": "story",
      "notes": "You're now a briefing-name. At 6/6 a tailored counter-team is deployed specifically for you."
    },
    {
      "name": "Ashenvale — Nature's Reprisal",
      "current": 1,
      "max": 6,
      "type": "story",
      "notes": "The forest pushes back via druids, spirits, beasts, and hostile terrain."
    }
  ]
}